username,password,access_token,refresh_token
124124124124124,123,BQBlJ9pSvPQ0aexv9CBXxDUrmDLOcgJlKEEyQQoceyesXGMa-Tq5tEgxoJTv-C79nlJPMlo2vY6tDzi6E8gjsf7g3fWWLUbV-locjyxWNMiFar8FfdVB89oYvzb_nsK5rz4E6GcOpzwMxQAngMd63xBoNzqxbSXbW5vqCfiRmISEIpUYMpdMiMz5YhQ,AQCIyf0Ug2WEZGF2BwaqANDIkcMbmieh223j3C5UlkO8DgzBNS_oAL7Zw7ZD8n0vU_5UPqtgJ5EdDB6JfeHo7p3T6v4mjqwBrVnIhRvcV407d65dVYEy6n29JU_lQ4CaJW0
12,1,BQDWHHpl6XW6ONUWme8HqV7d5TNPNTapiODgtINggrvD8aDwqvfSFInhDZpu7jJv5929N_8jKYGvVq3DORujZEGy2QVnjSp3ufjHxzPE3UD6fTJkeXTZJOIVMMqRo2mlu-FtWBhjBp28IZgdGPGMTXkDNsDAL3umsdv8MGyvhd15aYfEy8JEixnE41THiytyvT3udxoDW4vNTAVLkg,AQA9yEzIEL6XaVim2A7cUg52yRfl81Fz2FurqVB2Qw-lG6BznaNlXo2Zc4NQPsOWMJOuT5-ZB2Smv-UkUj5aRxGnR_4HubuKW9DHsuwyvuzSezMbMm2-kztNGWDUUaqYiKI
1235123512351235,123,BQCNGbQ2PFQ-38EAHfcLPSqLdUpWh6VlFQyETAVICsqStUv0aDVAe-r1cbPh4PZmu01EP3cKYDwci1PSV5wriD-h9kZ9Y5e2h_doMSQveM05P3yS-E4E7fbKqOht4pMoMmXhf3ZY1W3OGEumPfCPRlYmtcyOWM2EifhTa7LMQi-ipGz38MhRRbseCvM,AQBaj2gOEBTciAKvqFHN-ycLuIOabGDosg_7V916SxElluqyi_eWf9_J0LyDWxFNdUkKO4Y36r1DF5zhDIwUE9JJEBUIbaICBhVm9kFhk7_83aJOHq62aKBpaVDC-2iO1fI
23154215342135,123,BQDPZUVm1B3gXKjjLLSMvo2EqYn_j0m9QMBr9xTsD3Tsg-Bhr85o0qq9iYwqqgjpYLjediLcqBMTmZfg6c7iLXhuzeRSuoeuYgZBk-QmBKelq0UJxTn7_doTlLAChVBh0t69KowtITNS0MJmNlxbwbq7vLOh1PnoxURgf6YXFf9gJHEWwELS_5Xo2eo,AQBtsUw_6muDasfwsBWxmVGDVhFIunJG5J3F-W8f5VKRrSdkpjbY6aD6vWgLc9OiVju_yVavVPxv31JuXFG22MPCU44evj6UOYXysBamVYJNVZKdxRVO9t_bQGk7nJfiKYg
000--,--,BQBotyYLTEkuADBCekGe69Lm1VV5x9JwL-rAawZHXsMswjU-U-1QMFoRfNLf7o2S4Xw8XWFKn7qr4SwxolMP9QxQKiBX7i57Fl0diHCrbiBtHRtRulJtgXqkzDuc9mXZZLjJFef9wZaZ98RPMYVnyLN1X76yuPSSHlToHVO7yhBoipSlYyyKIlzf6y0,AQASeAhEpJTsUfFN9tVYZlIln2N-IBCd-5ePdQwlGEyIUU1A-zFOBj9NWwrXe17wl7ixsYA394df5SbbqI4gn4qWDnefbsddOrJbChv7_5nJgcE8fhPdoSsBeVH9U2MSvec
123123123123123,123,BQA-qUgLAv0nPemLWuKXPnufKG6exri0MXFD-c4cx_7nPqcUxs2IHbAmcoc7N9KNW3_CR9uW_8eLeIM4xNN0zftR_pf76CVZE4fqOMPDjgWJo_Bd0EKjyocy2GuSbvqEggO8kyYG6YhXMpxxywWmwVMV0jhhUsITBGNlRDqXy76LUn74jcqu_43kqr4,AQDZ23eCtlpP5vzPv6lYnL9aciokaSjuRc9eUqBICljyDm30auBD4kw6PI1QGxXQzwsxYV2CiqDL3kzklSPX8QbNmAh61lL7Qzj9HAvW6nn5J8BMDeaNvhyqkcvv3tL1Vng
12341234123412341234,123,BQAvl9w7Z-stExjC07bdHuuJ_92k7bXOXhfV4WNVp_TmMc0IsZLnpInynoil5QXXfcDKvXGHKBC3AJlwaaTXtj07H9sBi8NYvs4GDBv1qoAma-kWTy0Lb6kjPLpyZRnQhcvneBMyw5wIqHdXL2Bo7y_jQlBBsJJV6bRDW770vsECNr1ZB4yGfJDr-kU,AQD06HGnU5Z-I1j3uUCMEqMd5_YNXV20gswAuVNNgoChqmFcFiyF-nvL18WBpwcPJcZzOIR8gfvf4Wyu4ww1-FPVokgSFlmyQAE3mip36ofvCMyfQVZh_t_9gKkjYAjEPiM
123123123123123123123,123,BQA2Uahy_p3CjA5twXaicbxE6_O43LFQcDbVIFlgb3Q9t6yzm6sAB8kNsMWy7vPpogfIRDXhqyCiY44gqUAW1UuOfre61bDtUBOSUPcTqnagkF5uNhS97OPIebnz07b2C_gRCfF1-taKcL_swOHNqDAZoLtj8v0e7F1yGC5Hp7DrjGeUxYW-xWFmrWs,AQBN1BkV9Lp1Br4W61Mnr9hP_qByRW0fG5D4FpvwiPrLwnogIChJIslfUpfPs5n0BoIRYiaXh-QvzHyMyXYtJvIpQy4yPBGP3X_nbhzEJlHmpDTb4sEIU053pyugnMslMtY
000,000,BQBRlg8GsjBQWwxOcVSJmfc6sHEu-TF-1mo6yave1FxzVTRqIHQvPDIZDM2G5K8JblarM9YtFce3hmCt3jI0nRtICLObwTwhgV0ZzE-clNT6thNWXg0dk5X1A16zRH1919ZnzdisEBNAnBO-3TAgZI8wPPulYjb433CFH9jEd61s1OVOFL0F87RHYxE,AQBvK-MT6h9Vo5lHhPRugXLZUbQVTr_TUQ9yC5DfhjKYztnANdNMUyj390t4km3STWF9L6okz8FgZjsGBc665bHZBc4U6rvGPk_y3xMAE8hf5LcOEiAYauqtfFV_CafHWUc
123712371273,123,BQDUXbCZhcD8u_2X07-G_rO3cbsYGh-zEWvyrFwD9RQilv36vgLzoufdcU4b6Akzd8dFmE1WZfozXRrnffK-xxkp6nxfE4mQC08mSrFid-ur8PALG81h5zMED1PMkKa1hQplckeVEpqrkMbJhS8iep1ExnOfBYkKc5Tqfkcm8DQEuKMORwpa5ET-hhc,AQBXthZwzg_01gwFDKbKX5p6RWW622U8pOroL-PrNE-75O5Sh9uLtUGgre7EMkVmBL_AjFYhzAVDyOZAN0wIJ6gPBfEhlYcnGZGh5_NPzoDkFyjDsiA9cuSDhCHH0qprWBA
1,1,BQBE_WDUyfLsroYGjvGuplJTxDzCUm7ndDsm37TkL7yZC5qYrfFE5CttrU3DLpDjjSN4E0px8XcXDjycPI1mILZZMkpMb2iGliNUGct2-WjMXldGzHEMdQvoMUdHs78Wakolt4zyEAlDNX8zWSE0PjW0nqS_3cCG-pDNDVyqatYmlaHD7gvohryhsNImZEt07R0JzbY0O5gyS8O8vw,AQDpMjq81lB75nnfLOddMzuxUQ2IJGoOAk7pcOVOUjR-D169FAYFEU1sHWeqAI-9gbns9IvvxF872mJsam76CYoIxRgNUeMN2VejB6BctOAGDBh2fAppmlsoAvaIDBWZxos
123,1,BQCSo2CG_q6vCrH5dU6F_3DinVycPiftfX624rLsUZxjCATXP9Glxmxk6B57Yxd3YdVPE6mQu1s6TUjb87E-jSxGJS2cYeMI2FVasfxfaxhRdKxBf2GgABALPQXS2wFpGnjJ-hPFBQw30etHI4jz439vWAvF7oXvY5cVj6BBqvMXjwV-_gtOEpFzi0SFzGNcQdcxX_dLSI1Lo05WUA,AQB98QnQIydqdQ4kvQNVxSc7VJraJZzU9gmeza9HyoWjRzXtBF6gvNl2c2FpZS-IVUK_SUzff-GJUjdeMPFo4A2tWwCJUtrYnpWMwz0ZBrrMt-S1pcHJKyAVH-qKMyiANIg
123651`234123512,1,BQCy66Kdp4g9OSiFoWfImdXWSEHb80dAIEs8et-Ejc1_dGXbR1kYI-rYc2Qj5oVUG4b1LmZ-1KwrOXYzcIMimS1S_J_kD_PhTPY3XVRO_HveTW27SzQOqPFkn_ZiD8r1NcKA6uSU2229XdyECB3Vu2lWp-Jdj184WnwokKKJFEMAKLwuR2rF0BQrq6w,AQABl2qtxiMIrOLqFvgAWRbCU_UrRyvZSIl35xRqQ-JyA8yHaeeze9mHVBu2avUiWZ0byt9-RgxgP9V9BWWquEsVJH9VnrXQnXBRbVrCy8T6gcvSeq12OgH-2dQa9RB9BKs
123123123123,123,BQD-PJS9wnoqz8_JqBM5CmXSd7irUmw4GfG3e9Hf7KehTCGUEQNTw-6HurmC-6giS5D4cna8w5yjDYVTZtFzh15KMi3yjZ4-prSkZ-GJpno3T0XmoXjBbmytnAedIawp3v1VAtOpm3C9eld5-VCZixWD5qTA1V5MMAa7Ocqvx1rjfW9cr7NbFn0f8jo,AQAxgMoYl4Z5eE6H64sCWVWktwBHY9KA5JBymYtWmonF9EhFetH6J2-QV8zr6UDufTlOOy3YLtf3OdtzsU8bPdon2Vw1aFxiP6VuPxr0NccKFDGykmLB21Hjb_Rx9DtyRss
zxczcz,1,BQCO9rUbtU8cWCBrUfqHR6SJ1VIGXmSWyM8Oxdv37zF2ht-YDeHzuHM66-AezYU5v9TS2nraJJv8zlWXOtdyIm1FCmMre61X2Li613gndv1pEaY5l7ulXMI5mljBZnGWYqohgbHskDnZw5gIoBF-HDtfnpx-O6YqMIQvluY2wlo3iPkRCEc6InQym2yVVPvf2qFIYQmGSpU8Jet-sg,AQDGrMk_cBsULkmVuJgl7QgivJJXmlJuuoDB8aD08sEZy_nJzVUvX-OV5SPanBeZJojnTJK7poh4TsCQKevkehrOnBKQdol95NfPzti5qxep_i4-Ua75PrRKUGFvpew4JJk
123123123,123,BQA1jop8tukxhFNio-DvikCalA_VELZxSKo5rVfwVKU6r92-Cbvlat92piofWkbpzdfyyZT88t1ynqzccnbKiFSyOWpHMj5hpLfeR7SgBlMpg6TecO4EojnGJ4lvbsnQh-m1nJ3C-Qa35YdCtfzLK4mF-Bltw-V3q0BW4DRU9bUZfHIiy_p7WuKXkcc,AQBpSWpu7AvxSN4AiF71Yqs0qIROJjkDVTv7z2RpXqUdyrk8tTgImd1rmKiBJVclS1VAbKnm48cEBvy87V7p01M9COTWS9-Dt3-3Mz3PUTET_0jJ4_4F1qOeTGNA4KSa5BY
zxcasd1221,1,BQA6CdS0zXjssKMqRFqfTVFBnL4e887gsxuVZk8OIspEMOyhCzSvhbDen16MQbShBO02fbdG5J_9DApaumpWaaKRHkvK6yC2eWvL6dMn4XM9h8FhWJPfVYKSJGXlK5Ygdld33NkZ5sTyPSU0PTZeQHzdrlOVEGC3AmXo2SyQhPXXbXtEFiGMmetlg0oKdtuf1ocpXlA9hwUEoOwvdg,AQDG4QCjJRElm89RvXSRx0ROTXUpt1LkaEqzBt3idH-z4dYC_lYSNABKUuwjsB5z8XC6V_jMRmOhMCxuyOq83xpxjcIY9wTTwsVqQ2kBptDxM47dOX6wWP_6ekc2bYX6GPw
1234123412341234,1234,BQCSE580ht3cfMCoyZ0LiaaG1ZFMyfpy_6ROgJS-bwaUkfJKFUhrS7088LLBtU0eQNrx-UYvGTMxOInpIsxHR_7ubYh0oVhCHtrHhrQJC2eEbHCv-nfdmzRHUZFMou1jxA01lB2UwJQbShcuVBv4xvavUaFcas8NvRI8yc53xjNID1LMeoGfqgukhnc,AQBYrfAa3wmdWniIIqZtIMoKaMLG05zmY6BNp-0vvJlzPlRohuQhD_4mwRLMp9aHBn-97jS5tFlL_B1Pzn_dCeIdNsk6bHnrcPdfNPTcpSidj8U4KZ8rbhzmZX8_2GxN7H0
1234123412341234123123,123,BQCLQz7dfH_YOdvbqbPd-LuKMSdwWO5QDdjmlClItzxuW7dclCbWai55FA0_zufNX0Bt5syJtQjZ7ZgDVk-lhHXwg0qJj2ToOnHSiF0V2R1oCMmp8WjdJxBbK545n2J7mjycNY91xqDOx7ooqxfr0N2EK2-kQLU7zHsuxRERVP7PP1HG2znF9YzY-NI,AQAUBsZLZNtYgERNiYF7zVTh2Sx-1ZJWWJOBldDxEY6aPhE1IL4vIAJfmjZdmKSUlhrg6B1DFc5UEkjLY-0VSur64ffEnJZ49_eUT4QnNW9xGQOWaYM-zYxJgjKPM3kJigY
123512351235,12351235,BQCGKA5abGIse-Bu1xns8bq4u6lA07lAgyxbUvawqwHUtuCqoCAxRIHF-cose8sxPZiRf3se1tufvHcyRVw_fttS6YPmoVyEDjxwXWhZk7ozWVsms0sJqOTNW7es2H548pUF_IjOO8ya5DuVMvit292cXH2QWNzAxuNTO-2bF-Y7NpGWkaEy05LVtIA,AQA6502XQOzOrkVocnh-xsj0jgVamlv_FCO6tg9dTEPbsHiNFWZ_rm5UAgUjoEMs7eik1qzcgEzDirWW30gu56SbhEyrFsg7PtInA-Uh3jLe5urM07cynhMPLT0rYThay5w
123123123123123123123123,1,BQDAa0Yt_lzCSpbfgd4RmjZUlRQbzx4IA4JJI6ltFBNoFdeo7tXevJC8V1kqtNDIRrs3A44Ty1ZLbq05rckLsUAgOrEjmEKiIKM4Xcfidvh3niJa9UU7htgLPIT7XckxYHBgqNm6Pl3uKgbFaXtW55pVyQt8kd0X4jvl9jh-VUU4ZGWaOC6k3oI35nc,AQBc74Q61Kr23gy6jKRiFCMkrQyTFXTQ7BAUJ2WNO0Eeg-xTxWTwGKa5d_2RRXvmEIfaACx-tKnbrCdg2ZV06vyYzMPNyhA5zfceFc_67DCsZsI6uiLqepd-kDyCrJCG_vY
124124124,123,BQCorEjNYxBZ0nr4Qu3q3VTkjTEBnkPBgwnhAcar4dvzKTDUp_La8q3O0kLGxLJygvyacZrAbhVtDyqBzh_fTVrJJVvJe9gzK3HPC4PBffuwAfmD1N1R-qW-tJoY6djZv4Mx_bxS4Ssd2kTrdy17J8ivX_70DaOM6uPZ9Z7NBaUQ9EwX6IlPWRHJhG0,AQBlyBbsnc8HKwdU7LTgxsTHwr8i-epe-cCMTo_aPwRRxpgPsyP2NYOsvNM-EkRYFQ-ceucSw0MY5U_YwvJ-JAy4s60pQ76bFpF-hnbr_EFUS1QW2HVqq8kFUv_I8hzLuGI
ardtaetrwadsgasd,a,BQDVy108VC31NgJJKBVT-lV_I2x-_r6pKAEdKnY4s3KS8NLhhOAA6vzn2MONJwgYiCnjZGPu_FlEN6zNXgPzQhwSAEP6nngJfDUoj-Y6nEU4-FmuwU9E9XnbVowKuEszctjLiiywWsMQB8cClRcSXEpvFepkgiq-iBd5e6SUtSghmBvRlomXWxPjcAI,AQCKNB7BL-p3GCmhLyvrOkPfZS6q6TyT-i4KhcVue2cbxtFeDN4CkOMk7GF1NqyimLLZaW1n8GOJrOBsowQfe9LbS_O03cvBgEwF-lbum1QbJNZR52fuwDHB9KeGjiSUcB4
