rank,uri,artist_names,track_name,source,peak_rank,previous_rank,weeks_on_chart,streams
1,"spotify:track:3rUGC1vUpkDG9CZFHMur1t","Tate McRae","greedy","RCA Records Label",1,1,10,"40228313"
2,"spotify:track:2HafqoJbgXdtjwCOvNEF14","iñigo quintero","Si No Estás","Acqustic",1,2,9,"29859798"
3,"spotify:track:3vkCueOmm7xQDoJ17W1Pm3","Mitski","My Love Mine All Mine","Dead Oceans",3,5,9,"29695921"
4,"spotify:track:1BxfuPKGuaTgP7aM0Bbdwr","Taylor Swift","Cruel Summer","Taylor Swift",2,4,42,"29692826"
5,"spotify:track:4xhsWYTOGcal8zt0J161CU","Jack Harlow","Lovin On Me","Generation Now/Atlantic",5,15,2,"29159724"
6,"spotify:track:2HRgqmZQC0MC7GeNuDIXHN","Jung Kook, Latto","Seven (feat. Latto) (Explicit Ver.)","BIGHIT MUSIC",1,7,19,"27801886"
7,"spotify:track:2KslE17cAJNHTsI2MI0jb2","Jung Kook","Standing Next to You","BIGHIT MUSIC",1,3,3,"27567350"
8,"spotify:track:56y1jOTK0XSvJzVv9vHQBK","Doja Cat","Paint The Town Red","Kemosabe Records/RCA Records",1,9,16,"25901828"
9,"spotify:track:7iQXYTyuG13aoeHxGG28Nh","Bad Bunny, Feid","PERRO NEGRO","Rimas Entertainment LLC",4,8,6,"25692503"
10,"spotify:track:5mjYQaktjmjcMKcUIcqz4s","Kenya Grace","Strangers","Warner Records/Major Recordings",4,12,12,"24275042"
11,"spotify:track:6CvTEtGagmzQvkUzzyKR9k","Fuerza Regida, Marshmello","HARLEY QUINN","Rancho Humilde/Street Mob Records",11,13,4,"22813915"
12,"spotify:track:1Iq8oo9XkmmvCQiGOfORiz","Taylor Swift","Is It Over Now? (Taylor's Version) (From The Vault)","Taylor Swift",1,10,4,"22775207"
13,"spotify:track:4MjDJD8cW7iVeWInc2Bdyj","Bad Bunny","MONACO","Rimas Entertainment LLC",1,11,6,"22624757"
14,"spotify:track:0bYg9bo50gSsH3LtXe2SQn","Mariah Carey","All I Want for Christmas Is You","Columbia",1,34,52,"21632325"
15,"spotify:track:5RqSsdzTNPX1uzkmlHCFvK","KAROL G, Peso Pluma","QLONA","Bichota/Interscope Records",5,16,15,"21389608"
16,"spotify:track:5PyDJG7SQRgWXefgexqIge","Doja Cat","Agora Hills","Kemosabe Records/RCA Records",16,17,9,"21092348"
17,"spotify:track:4OMJGnvZfDvsePyCwRGO7X","Dua Lipa","Houdini","Warner Records",6,6,2,"21069197"
18,"spotify:track:6uIIdjYTxxpWOyWuVXrKQO","Calle 24, Chino Pacas, Fuerza Regida","Que Onda","Street Mob Records - Rancho Humilde",16,18,12,"20004999"
19,"spotify:track:06qMRF18gwbOYYbnP2du6i","Wham!","Last Christmas - Single Version","Sony Music CG",2,48,45,"19385469"
20,"spotify:track:5aIVCx5tnk0ntmdiinnYvw","Tyla","Water","FAX Records/Epic",12,14,9,"19194255"
21,"spotify:track:5XeFesFbtLpXzIVDNQP22n","Arctic Monkeys","I Wanna Be Yours","Domino Recording Co",15,19,72,"18812051"
22,"spotify:track:7ABLbnD53cQK00mhcaOUVG","Myke Towers","LALA","WEA Latina",1,21,21,"17717343"
23,"spotify:track:4bw8mcDUSRWfQo63ZTYRnU","Maluma, Carin Leon","Según Quién","Sony Music Latin",17,23,10,"17115960"
24,"spotify:track:1kuGVB7EU95pJObxwvfwKS","Olivia Rodrigo","vampire","Olivia Rodrigo PS",1,27,21,"16713760"
25,"spotify:track:4Dvkj6JhhA12EX05fT7y2e","Harry Styles","As It Was","Columbia",1,24,86,"16688251"
26,"spotify:track:0HD8mbiPjp3o94X3EaZp0o","Tate McRae","exes","RCA Records Label",26,-1,1,"16415505"
27,"spotify:track:59NraMJsLaMCVtwXTSia8i","cassö, RAYE, D-Block Europe","Prada","Ministry of Sound Recordings",17,28,14,"16130539"
28,"spotify:track:01qFKNWq73UfEslI0GvumE","Jung Kook, Jack Harlow","3D (feat. Jack Harlow)","BIGHIT MUSIC",3,20,8,"16107811"
29,"spotify:track:1odExI7RdWc4BT515LTAwj","David Kushner","Daylight","Miserable Music Group, LLC",5,26,32,"16097552"
30,"spotify:track:7CyPwkp0oE8Ro9Dd5CUDjW","The Weeknd, JENNIE, Lily-Rose Depp","One Of The Girls (with JENNIE, Lily Rose Depp)","XO / Republic Records",30,31,7,"15916670"
31,"spotify:track:0mflMxspEfB0VbI1kyLiAv","Noah Kahan","Stick Season","Mercury Records/Republic Records",31,32,7,"15674202"
32,"spotify:track:2YSzYUF3jWqb9YP9VXmpjE","Drake, Yeat","IDGAF (feat. Yeat)","OVO/Republic",5,39,7,"15619156"
33,"spotify:track:1vYXt7VSjH9JIM5oRRo7vA","Dua Lipa","Dance The Night - From Barbie The Album","Atlantic Records",5,25,26,"15582580"
34,"spotify:track:1Qrg8KqiBpW07V7PNxwwwL","SZA","Kill Bill","Top Dawg Entertainment/RCA Records",1,33,50,"15392648"
35,"spotify:track:7mXuWTczZNxG5EDcjFEuJR","Peso Pluma, Gabito Ballesteros, Junior H","LADY GAGA","Double P Records",9,29,22,"15385263"
36,"spotify:track:3hRV0jL3vUpRrcy398teAU","Lord Huron","The Night We Met","IAMSOUND",36,40,57,"15204357"
37,"spotify:track:7MXVkk9YMctZqd1Srtv4MB","The Weeknd, Daft Punk","Starboy","Universal Republic Records",1,30,164,"15137908"
38,"spotify:track:5KD6AEm19QnMbfWpfoOHMl","Taylor Swift","Now That We Don't Talk (Taylor's Version) (From The Vault)","Taylor Swift",2,22,4,"15099692"
39,"spotify:track:2EjXfH91m7f8HiJN1yQg97","Brenda Lee","Rockin' Around The Christmas Tree","MCA Nashville",3,158,39,"15066957"
40,"spotify:track:4KULAymBBJcPRpk1yO4dOG","Zach Bryan, Kacey Musgraves","I Remember Everything (feat. Kacey Musgraves)","Warner Records",20,37,13,"14883760"
41,"spotify:track:7jtQIBanIiJOMS6RyCx6jZ","Tom Odell","Another Love","ITNO/Columbia",15,41,137,"14287701"
42,"spotify:track:17cia5k4BpGVlyEfqrFH50","Olivia Rodrigo","Can’t Catch Me Now - from The Hunger Games: The Ballad of Songbirds & Snakes","Lions Gate Entertainment Inc. under exclusive license to Geffen Records",42,167,3,"14220873"
43,"spotify:track:7aqfrAY2p9BUSiupwk3svU","Drake, J. Cole","First Person Shooter (feat. J. Cole)","OVO/Republic",6,89,7,"14133612"
44,"spotify:track:6wf7Yu7cxBSPrRlWeSeK0Q","Billie Eilish","What Was I Made For? [From The Motion Picture ""Barbie""]","Darkroom/Interscope Records",3,36,19,"14124419"
45,"spotify:track:6XbtvPmIpyCbjuT0e8cQtp","Quevedo","Columbia","Quevedo",7,43,20,"13997597"
46,"spotify:track:2QjOHCTQ1Jl3zawyYOpxh6","The Neighbourhood","Sweater Weather","Columbia",19,44,169,"13764439"
47,"spotify:track:4rXLjWdF2ZZpXCVTfWcshS","Gunna","fukumean","300 Entertainment",9,42,23,"13561585"
48,"spotify:track:1dGr1c8CrMLDpV6mPbImSI","Taylor Swift","Lover","Taylor Swift",2,49,42,"13372433"
49,"spotify:track:6p1GHnHSJSma1orNgP7NoE","Bobby Helms","Jingle Bell Rock","Big Buzz Productions",4,153,38,"13175644"
50,"spotify:track:0V3wPSX9ygBnCm8psDIegu","Taylor Swift","Anti-Hero","Taylor Swift",1,45,57,"13041047"
51,"spotify:track:4iZ4pt7kvcaH6Yo8UoZ4s2","SZA","Snooze","Top Dawg Entertainment/RCA Records",32,50,48,"13037997"
52,"spotify:track:2LBqCSwhJGcFQeTHMVGwy3","The Weeknd","Die For You","Universal Republic Records",12,46,93,"12962312"
53,"spotify:track:3AJwUDP919kvQ9QcozQPxg","Coldplay","Yellow","Parlophone UK",50,55,153,"12636550"
54,"spotify:track:3cDyocF0Ibdfs1SFQk5cLZ","Darell","Lollipop","Sony Music Latin",19,38,7,"12576491"
55,"spotify:track:71BqAINEnezjQfxE4VuJfq","Taylor Swift","""Slut!"" (Taylor's Version) (From The Vault)","Taylor Swift",3,35,4,"12384087"
56,"spotify:track:5Se32hEA9raeboZerywxka","Drake","You Broke My Heart","OVO/Republic",56,-1,1,"12157924"
57,"spotify:track:7DSAEUvxU8FajXtRloy8M0","Miley Cyrus","Flowers","Columbia",1,52,45,"12125143"
58,"spotify:track:25OeKzcqakFPaJlXHPE5lm","Carin Leon","Primera Cita","Socios Music LLC",21,56,21,"11892745"
59,"spotify:track:2kz1YOhJiNubjigR1gB1VX","Rauw Alejandro","DILUVIO","Sony Music Latin/Duars Entertainment",59,74,2,"11776573"
60,"spotify:track:6XSqqQIy7Lm7SnwxS4NrGx","Feid, Young Miko","CLASSY 101","UMLE - Latino",8,53,34,"11665320"
61,"spotify:track:0RiRZpuVRbi7oqRdSMwhQY","Post Malone, Swae Lee","Sunflower - Spider-Man: Into the Spider-Verse","Republic Records",1,58,259,"11525636"
62,"spotify:track:0lizgQ7Qw35od7CYaoMBZb","Ariana Grande","Santa Tell Me","Universal Records",3,175,39,"11469200"
63,"spotify:track:74X2u8JMVooG2QbjRxXwR8","LE SSERAFIM","Perfect Night","SOURCE MUSIC",57,57,4,"11458812"
64,"spotify:track:1mea3bSkSGXuIRvnydlB5b","Coldplay","Viva La Vida","Parlophone UK",57,73,65,"11445014"
65,"spotify:track:3FvTHuefYV6TxE3Kseqno8","Gabito Ballesteros, Natanael Cano","LOU LOU","Los CT Records",43,51,5,"11439976"
66,"spotify:track:3Ua0m0YmEjrMi9XErKcNiR","Jimin","Like Crazy","BIGHIT MUSIC",15,67,35,"11342466"
67,"spotify:track:0O3U5iwTbiXCREMkvotJuN","Grupo Frontera, Grupo Firme","EL AMOR DE SU VIDA","Grupo Frontera",49,63,16,"11253674"
68,"spotify:track:2TJKY0WSFufZOzbRNgl6zE","Alex Favela, Grupo Marca Registrada, Joaquin Medina","ELOVRGA","Rios Music/ Outerspace Music/ Boba Records Corporation",59,65,12,"11246869"
69,"spotify:track:7KA4W4McWYRpgf0fWsJZWB","Tyler, The Creator, Kali Uchis","See You Again (feat. Kali Uchis)","Columbia",16,66,39,"11105444"
70,"spotify:track:0VjIjW4GlUZAMYd2vXMi3b","The Weeknd","Blinding Lights","Republic Records",1,64,208,"11034324"
71,"spotify:track:4uUG5RXrOk84mYEfFvj3cK","David Guetta, Bebe Rexha","I'm Good (Blue)","Parlophone UK",2,62,65,"11022467"
72,"spotify:track:4R2kfaDFhslZEMJqAFNpdd","Taylor Swift","cardigan","Taylor Swift",1,72,48,"10920863"
73,"spotify:track:6wsqVwoiVH2kde4k4KKAFU","Travis Scott","I KNOW ?","Cactus Jack/Epic",14,69,17,"10884894"
74,"spotify:track:1s7oOCT8vauUh01PbJD6ps","Rema, Selena Gomez","Calm Down (with Selena Gomez)","Mavin Records / Jonzing World",9,59,65,"10873570"
75,"spotify:track:3xKsf9qdS1CyvXSMEid6g8","Frank Ocean","Pink + White","Boys Don't Cry",71,71,27,"10767031"
76,"spotify:track:1rv46mRwDqMEhOBZ7vODg3","Michael Bublé","It's Beginning to Look a Lot like Christmas","Reprise",6,-1,37,"10757784"
77,"spotify:track:5g7sDjBhZ4I3gcFIpkrLuI","Bruno Mars","Locked out of Heaven","Atlantic Records",39,98,76,"10703409"
78,"spotify:track:3qQbCzHBycnDpGskqOWY0E","Eslabon Armado, Peso Pluma","Ella Baila Sola","DEL Records",1,79,36,"10634042"
79,"spotify:track:7qEHsqek33rTcFNT9PFqLf","Lewis Capaldi","Someone You Loved","Vertigo Berlin",4,80,254,"10529157"
80,"spotify:track:1R0a2iXumgCiFb7HEZ7gUE","Taylor Swift","Don’t Blame Me","Big Machine Records, LLC",71,76,66,"10507134"
81,"spotify:track:7yIIeKUxTpn36X6CFJhgEi","Bellakath, Dani Flow","Reggaeton Champagne","La Mafia del Perreo",78,78,7,"10497397"
82,"spotify:track:7uoFMmxln0GPXQ0AcCBXRq","Sia","Snowman","Monkey Puzzle/Atlantic",12,-1,27,"10335706"
83,"spotify:track:2WfaOiMkCvy7F5fcp2zZ8L","a-ha","Take on Me","Rhino",83,86,15,"10247347"
84,"spotify:track:1u8c2t2Cy7UBoG4ArRcF5g","Taylor Swift","Blank Space","Big Machine Records, LLC",27,61,102,"10245464"
85,"spotify:track:1IcR6RlgvDczfvoWJSSY2A","Andy Williams","It's the Most Wonderful Time of the Year","Columbia/Legacy",7,-1,36,"10221127"
86,"spotify:track:22skzmqfdWrjJylampe0kt","Macklemore & Ryan Lewis, Macklemore, Ryan Lewis, Ray Dalton","Can't Hold Us (feat. Ray Dalton)","Macklemore",86,112,93,"10123232"
87,"spotify:track:3hUxzQpSfdDqwM3ZTFQY0K","Taylor Swift","august","Taylor Swift",11,70,42,"10122831"
88,"spotify:track:2yzshFeBIwH8tWIqHEFLeD","Grupo Frontera, Bad Bunny","un x100to","Grupo Frontera",1,93,32,"10077899"
89,"spotify:track:6rjuKpPydT2SxN15TZpV7r","Lil Tecca","500lbs","Galactic Records/Lil Tecca",89,125,6,"10029924"
90,"spotify:track:0JmnkIqdlnUzPaf8sqBRs3","Kali Uchis","Moonlight","Geffen Records",37,88,37,"10020937"
91,"spotify:track:4fYte8ZvTK14NEhAOZocBi","OneRepublic","I Ain't Worried","Interscope Records",7,95,77,"10002833"
92,"spotify:track:6WzRpISELf3YglGAh7TXcG","The Weeknd, Playboi Carti, Madonna","Popular (with Playboi Carti & Madonna) - Music from the HBO Original Series","XO / Republic Records",16,84,25,"9972698"
93,"spotify:track:7j4OmvkjRz0PrjFADlHfQx","Adele","Set Fire to the Rain","XL Recordings",61,107,50,"9939466"
94,"spotify:track:1udwFobQ1JoOdWPQrp2b6u","JID, 21 Savage, Baby Tate","Surround Sound (feat. 21 Savage & Baby Tate)","Dreamville/Interscope",94,-1,1,"9936048"
95,"spotify:track:3CRDbSIZ4r5MsZ0YwxuEkn","Twenty One Pilots","Stressed Out","Fueled By Ramen",63,120,45,"9920783"
96,"spotify:track:2FDTHlrBguDzQkp7PVj16Q","Dave, Central Cee","Sprinter","Neighbourhood / Live Yours",6,81,25,"9899756"
97,"spotify:track:2N0SPREDYqILVEFSsWF5N5","V","Love Me Again","BIGHIT MUSIC",11,126,15,"9895798"
98,"spotify:track:3kx21xR6IboC9HVdajgBoc","Fuerza Regida","SABOR FRESA","Rancho Humilde/Street Mob Records",15,109,22,"9889592"
99,"spotify:track:6dgUya35uo964z7GZXM07g","Sabrina Carpenter","Nonsense","Island Records",17,103,45,"9842869"
100,"spotify:track:2dHHgzDwk4BJdRwy9uXhTO","Metro Boomin, The Weeknd, 21 Savage","Creepin' (with The Weeknd & 21 Savage)","Republic Records",2,82,51,"9805510"
101,"spotify:track:7F4tV8SiUy6itZTdAzdafO","Nadhif Basalamah","penjaga hati","After School",91,99,6,"9798957"
102,"spotify:track:2uFaJJtFpPDc5Pa95XzTvg","Dean Martin","Let It Snow! Let It Snow! Let It Snow!","Capitol Records",10,-1,26,"9776934"
103,"spotify:track:0u2P5u6lvoDfwTYjAADbn4","Billie Eilish, Khalid","lovely (with Khalid)","Darkroom",24,106,292,"9764622"
104,"spotify:track:1yeB8MUNeLo9Ek1UEpsyz6","Drake, Sexyy Red, SZA","Rich Baby Daddy (feat. Sexyy Red & SZA)","OVO/Republic",28,138,7,"9741376"
105,"spotify:track:505v13epFXodT9fVAJ6h8k","KAROL G","AMARGURA","Universal Music Latino",53,115,27,"9707760"
106,"spotify:track:0ll8uFnc0nANY35E0Lfxvg","Keane","Somewhere Only We Know","Interscope",106,119,57,"9693933"
107,"spotify:track:1xK59OXxi2TAAAbmZK0kBL","d4vd","Romantic Homicide","Darkroom/Interscope Records",17,97,64,"9690945"
108,"spotify:track:54zcJnb3tp9c5OVKREZ1Is","KAROL G","MI EX TENÍA RAZÓN","Bichota/Interscope Records",22,104,15,"9679297"
109,"spotify:track:6RcAHyC5sAUIbPTkhOQwd8","Junior H","Y LLORO","WEA Latina",55,75,7,"9589972"
110,"spotify:track:7yq4Qj7cqayVTp3FF9CWbm","Vance Joy","Riptide","Atlantic Records",81,114,145,"9587075"
111,"spotify:track:2InS5VWKJQbsFBKOsf1cJB","Dj GBR, Mc IG, MC Ryan SP, MC PH, Mc Davi, Mc Luki, Mc Don Juan, Mc Kadu, TrapLaudo, MC GP, MC GH do 7","Let's Go 4","GR6 Music",85,85,10,"9569541"
112,"spotify:track:086myS9r57YsLbJpU0TgK9","Arctic Monkeys","Why'd You Only Call Me When You're High?","Domino Recording Co",95,116,103,"9539785"
113,"spotify:track:3WMj8moIAXJhHsyLaqIIHI","Zach Bryan","Something in the Orange","Warner Records",57,113,47,"9502762"
114,"spotify:track:0yc6Gst2xkRu0eMLeRMGCX","Cigarettes After Sex","Apocalypse","Partisan Records",89,129,71,"9476499"
115,"spotify:track:1JSTJqkT5qHq8MDJnJbRE1","The Police","Every Breath You Take","Polydor Records",101,101,105,"9456788"
116,"spotify:track:68Dni7IE4VyPkTOH9mRWHr","J. Cole","No Role Modelz","Roc Nation Records LLC",76,110,122,"9449906"
117,"spotify:track:0B7wvvmu9EISAwZnOpjhNI","Bruno Mars","When I Was Your Man","Atlantic Records",72,146,65,"9449900"
118,"spotify:track:3xMHXmedL5Rvfxmiar9Ryv","Anirudh Ravichander, Arijit Singh, Shilpa Rao, Kumaar","Chaleya","T-Series",22,87,12,"9443687"
119,"spotify:track:31nfdEooLEq7dn3UMcIeB5","BENNETT","Vois sur ton chemin - Techno Mix","Warner Music Central Europe",85,100,9,"9408615"
120,"spotify:track:7BqBn9nzAq8spo5e7cZ0dJ","Bruno Mars","Just the Way You Are","Atlantic Records",120,133,48,"9391917"
121,"spotify:track:1hjRhYpWyqDpPahmSlUTlc","Taylor Swift","Style (Taylor's Version)","Taylor Swift",8,60,4,"9386665"
122,"spotify:track:5sdQOyqq2IDhvmx2lHOpwd","NewJeans","Super Shy","ADOR",9,105,20,"9363810"
123,"spotify:track:17phhZDn6oGtzMe56NuWvj","Teddy Swims","Lose Control","Warner Records",123,178,2,"9286419"
124,"spotify:track:0ug5NqcwcFR2xrfTkc7k8e","Taylor Swift","Style","Big Machine Records, LLC",24,94,36,"9273858"
125,"spotify:track:3zSSCPpLZ5Oc8nelhhGjKz","AUR","Tu hai kahan","Sony Music Entertainment",75,91,5,"9264873"
126,"spotify:track:58ge6dfP91o9oXMzq3XkIS","Arctic Monkeys","505","Domino/Warner Records",43,118,99,"9259274"
127,"spotify:track:4NioO5R9sHEZh4cGzMHyNt","Taylor Swift","Say Don't Go (Taylor's Version) (From The Vault)","Taylor Swift",6,54,4,"9229604"
128,"spotify:track:3tt9i3Hhzq84dPS8H7iSiJ","Manuel Turizo","La Bachata","Sony Music Latin/La Industria",4,132,73,"9192321"
129,"spotify:track:567e29TDzLwZwfDuEpGTwo","The Kid LAROI, Justin Bieber","STAY (with Justin Bieber)","Columbia",1,142,124,"9184508"
130,"spotify:track:2UW7JaomAMuX9pZrjVpHAU","Yng Lvcas, Peso Pluma","La Bebe - Remix","WM Mexico",3,123,36,"9149123"
131,"spotify:track:3IX0yuEVvDbnqUwMBB3ouC","Olivia Rodrigo","bad idea right?","Olivia Rodrigo PS",5,131,15,"9120199"
132,"spotify:track:5qaEfEh1AtSdrdrByCP7qR","Imagine Dragons","Demons","Kid Ina Korner / Interscope",119,134,53,"9093684"
133,"spotify:track:3EaJDYHA0KnX88JvDhL9oa","Steve Lacy","Dark Red","Three Quarter",66,128,103,"9090878"
134,"spotify:track:1K39ty6o1sHwwlZwO6a7wK","Taylor Swift","Wildest Dreams (Taylor's Version)","Taylor Swift",19,83,15,"9074069"
135,"spotify:track:3nNmRE0DxHC6ZaKkrpUumS","Bad Bunny, Young Miko","FINA","Rimas Entertainment LLC",7,77,6,"9073963"
136,"spotify:track:5Eh1nj7IjV9lwpcKAkidyY","Troye Sivan","One Of Your Girls","EMI Recorded Music Australia Pty Ltd",34,90,6,"9071722"
137,"spotify:track:1FEiijYPJtyswChfcpv3p0","Lana Del Rey","Summertime Sadness","Polydor Records",83,121,67,"9065619"
138,"spotify:track:6Qyc6fS4DsZjB2mRW9DsQs","The Goo Goo Dolls","Iris","Warner Records",124,130,18,"9036470"
139,"spotify:track:5gDWsRxpJ2lZAffh5p7K0w","The Weeknd, Lana Del Rey","Stargirl Interlude","Universal Republic Records",99,140,69,"9027275"
140,"spotify:track:4RvWPyQ5RL0ao9LPZeSouE","Tears For Fears","Everybody Wants To Rule The World","UMC (Universal Music Catalogue)",91,124,63,"8959865"
141,"spotify:track:6dBUzqjtbnIa1TwYbyw5CM","TV Girl","Lovers Rock","TV Girl",139,139,22,"8950869"
142,"spotify:track:2eAvDnpXP5W0cVtiI0PUxV","Ruth B.","Dandelions","Columbia",34,155,119,"8940615"
143,"spotify:track:5TRPicyLGbAF2LGBFbHGvO","Kanye West, Dwele","Flashing Lights","Roc-A-Fella",143,145,10,"8921061"
144,"spotify:track:5XWlyfo0kZ8LF7VSyfS4Ew","aespa","Drama","Warner Records",68,68,2,"8916747"
145,"spotify:track:7KokYm8cMIXCsGVmUvKtqf","Taylor Swift","Karma","Taylor Swift",8,102,39,"8913312"
146,"spotify:track:0tgVpDi06FyKpA1z0VMD4v","Ed Sheeran","Perfect","Atlantic Records UK",4,151,349,"8903139"
147,"spotify:track:6I3mqTwhRpn34SLVafSH7G","Justin Bieber","Ghost","RBMG/Def Jam",11,127,112,"8893642"
148,"spotify:track:2tpWsVSb9UEmDRxAl1zhX1","OneRepublic","Counting Stars","Mosley / Interscope",101,136,136,"8883809"
149,"spotify:track:3USxtqRwSYz57Ewm6wWRMp","Glass Animals","Heat Waves","Polydor Records",1,141,152,"8866578"
150,"spotify:track:7lQ8MOhq6IN2w8EYcFNSUk","Eminem","Without Me","Aftermath",31,149,113,"8866088"
151,"spotify:track:5cF0dROlMOK5uNZtivgu50","Charlie Puth","Attention","Artist Partner",5,170,63,"8858655"
152,"spotify:track:79f5CcWzdkkDVD4XAIQgKr","Stray Kids","LALALALA","Republic Records - Stray Kids",47,47,2,"8813460"
153,"spotify:track:3hxIUxnT27p5WcmjGUXNwx","Hotel Ugly","Shut up My Moms Calling","Hotel Ugly, under exclusive license to Amuseio AB",82,135,47,"8809911"
154,"spotify:track:5ixdmTpCmH5diBA1j154wN","Bad Bunny","UN PREVIEW","Rimas Entertainment LLC",9,96,9,"8794947"
155,"spotify:track:5FVd6KXrgO9B3JPmC8OPst","Arctic Monkeys","Do I Wanna Know?","Domino Recording Co",98,150,114,"8761954"
156,"spotify:track:4EWCNWgDS8707fNSZ1oaA5","Kanye West","Heartless","Roc-A-Fella",152,152,20,"8747324"
157,"spotify:track:1zi7xx7UVEFkmKfv06H8x0","Drake, Wizkid, Kyla","One Dance","Cash Money Records/Young Money Ent./Universal Rec.",12,148,169,"8746944"
158,"spotify:track:60a0Rd6pjrkxjPbaKzXjfq","Linkin Park","In the End","Warner Records",22,144,22,"8733007"
159,"spotify:track:3azJifCSqg9fRij2yKIbWz","Tory Lanez","The Color Violet","One Umbrella Records",70,173,41,"8721628"
160,"spotify:track:2gkVEnpahpE3bQuvGuCpAV","Jung Kook","Yes or No","BIGHIT MUSIC",31,92,3,"8708573"
161,"spotify:track:1RzjXhgnzqb3dMa5852itx","Peso Pluma, Tito Double P","LA PEOPLE","Double P Records",161,-1,1,"8672873"
162,"spotify:track:0JXXNGljqupsJaZsgSbMZV","Miguel","Sure Thing","Jive",14,166,50,"8655517"
163,"spotify:track:0pqnGHJpmpxLKifKRmU6WP","Imagine Dragons","Believer","Kid Ina Korner / Interscope",16,168,355,"8651751"
164,"spotify:track:7K3BhSpAxZBznislvUMVtn","Morgan Wallen","Last Night","Big Loud Records / Mercury Records / Republic Records",14,111,42,"8645954"
165,"spotify:track:561jH07mF1jHuk7KlaeF0s","Eminem","Mockingbird","Aftermath",24,154,58,"8609443"
166,"spotify:track:0DWdj2oZMBFSzRsi2Cvfzf","KAROL G, Shakira","TQG","Universal Music Latino",1,185,39,"8469331"
167,"spotify:track:5h1BN75CEh8wdSwE1xrbSe","V","Slow Dancing","BIGHIT MUSIC",13,137,11,"8468312"
168,"spotify:track:2LawezPeJhN4AWuSB0GtAU","Creedence Clearwater Revival","Have You Ever Seen The Rain","Craft Recordings",160,160,18,"8456717"
169,"spotify:track:70LcF31zb1H0PyJoS1Sx1r","Radiohead","Creep","XL Recordings",143,163,23,"8414081"
170,"spotify:track:3nAp4IvdMPPWEH9uuXFFV5","Kelly Clarkson","Underneath the Tree","RCA Records Label",9,-1,28,"8405031"
171,"spotify:track:3dYD57lRAUcMHufyqn9GcI","Hozier","Take Me to Church","Columbia",108,172,120,"8380000"
172,"spotify:track:3eP13S8D5m2cweMEg3ZDed","Drake","Virginia Beach","OVO/Republic",11,-1,4,"8370948"
173,"spotify:track:2nLtzopw4rPReszdYBJU6h","Linkin Park","Numb","Warner Records",34,164,12,"8359195"
174,"spotify:track:3KZCP2StVGdWkOKyRZNWA4","Plan B","Es un Secreto","Pina Records",157,177,13,"8296916"
175,"spotify:track:6RUKPb4LETWmmr3iAEQktW","The Chainsmokers, Coldplay","Something Just Like This","Disruptor Records/Columbia",2,-1,192,"8258675"
176,"spotify:track:5odlY52u43F5BjByhxg7wg","JVKE","golden hour","JVKE",14,171,65,"8221408"
177,"spotify:track:739WUU1tPFLO4x4HJq561K","FIFTY FIFTY","Cupid - Twin Ver.","WM Korea",4,147,36,"8202094"
178,"spotify:track:6IPwKM3fUUzlElbvKw2sKl","girl in red","we fell in love in october","world in red",73,159,17,"8200033"
179,"spotify:track:6IAZHEBUIGJ6NJKxxOBIEr","Adele","Rolling in the Deep","XL Recordings",36,181,30,"8187873"
180,"spotify:track:6YvqWjhGD8mB5QXcbcUKtx","Taylor Swift","Love Story (Taylor’s Version)","Taylor Swift",8,161,15,"8176112"
181,"spotify:track:0KKkJNfGyhkQ5aFogxQAPU","Bruno Mars","That's What I Like","Atlantic Records",6,194,93,"8133082"
182,"spotify:track:6JIC3hbC28JZKZ8AlAqX8h","Elton John, Dua Lipa, PNAU","Cold Heart - PNAU Remix","EMI",4,156,118,"8064962"
183,"spotify:track:1zv3WFUbZ5vPxFq9I2jAU1","Rihanna, Calvin Harris","We Found Love","Def Jam Recordings",59,184,41,"8043187"
184,"spotify:track:6Sq7ltF9Qa7SNFBsV5Cogx","Bad Bunny, Chencho Corleone","Me Porto Bonito","Rimas Entertainment LLC",2,179,81,"8039916"
185,"spotify:track:2ut4BOQSqxLpcX5MtPjzYa","Drake, J. Cole","Evil Ways (feat. J. Cole)","OVO/Republic",185,-1,1,"8036751"
186,"spotify:track:45wMBGri1PORPjM9PwFfrS","Taylor Swift","Blank Space (Taylor's Version)","Taylor Swift",13,122,4,"7986957"
187,"spotify:track:6irysuQyZWd7Bjj7ePiOs2","Jhayco","Holanda","N&E Entertainment LLC",29,162,15,"7969909"
188,"spotify:track:1qrpoAMXodY6895hGKoUpA","Taylor Swift","You Belong With Me (Taylor’s Version)","Taylor Swift",52,174,11,"7967965"
189,"spotify:track:6Es8Sk3xe1HiJ2MXCfHHwR","Emilia, TINI","La_Original.mp3","Sony Music Latin",138,169,3,"7955548"
190,"spotify:track:4gbVRS8gloEluzf0GzDOFc","Maroon 5","Maps","Interscope Records*",190,193,2,"7949281"
191,"spotify:track:54ipXppHLA8U4yqpOFTUhr","Imagine Dragons","Bones","Kid Ina Korner / Interscope",26,183,89,"7934836"
192,"spotify:track:0dS2u2UFd88TIzDDaZDLvS","d4vd","Here With Me","Darkroom/Interscope Records",14,180,56,"7921708"
193,"spotify:track:4KW1lqgSr8TKrvBII0Brf8","Kanye West","Father Stretch My Hands Pt. 1","Rock The World/IDJ/Kanye LP7",193,-1,1,"7889584"
194,"spotify:track:7D0RhFcb3CrfPuTJ0obrod","Coldplay","Sparks","Parlophone UK",189,-1,4,"7887101"
195,"spotify:track:5O2P9iiztwhomNh8xkR9lJ","One Direction","Night Changes","Syco Music",108,-1,68,"7865575"
196,"spotify:track:2HbKqm4o0w5wEeEFXm2sD4","Kendrick Lamar, Jay Rock","Money Trees","Aftermath",62,176,45,"7852270"
197,"spotify:track:6GGtHZgBycCgGBUhZo81xe","Lana Del Rey","Say Yes To Heaven","Polydor Records",18,195,27,"7848132"
198,"spotify:track:3F5CgOj3wFlRv51JsHbxhe","Drake, 21 Savage","Jimmy Cooks (feat. 21 Savage)","OVO",7,190,74,"7827931"
199,"spotify:track:741UUVE2kuITl0c6zuqqbO","Nicki Minaj, Ice Spice, Aqua","Barbie World (with Aqua) [From Barbie The Album]","Atlantic Records",6,182,22,"7774126"
200,"spotify:track:2O223PoYCkIPSsE4cmnr9v","Fuerza Regida","TQM","Rancho Humilde/Street Mob Records",9,-1,23,"7759578"
